Experiment,Model,Configuration,Accuracy,Precision,Recall,F1
Baseline,KNN,Original 16D,0.9250092353158478,0.9388762114591755,0.935405903845702,0.9370907819621108
Baseline,Neural Network,Original 16D,0.9338751385297376,0.945792587311174,0.9438409295686864,0.9447917227965076
PCA,KNN + PCA(2),KNN + PCA(2),0.8599926117473218,0.8545550245297442,0.8519622333762485,0.8531060913468501
PCA,KNN + PCA(4),KNN + PCA(4),0.8884373845585519,0.8920382622200306,0.8874281590053316,0.8890340302781566
PCA,KNN + PCA(6),KNN + PCA(6),0.926486885851496,0.9404182836365368,0.9370390941072196,0.9386576327630606
PCA,KNN + PCA(8),KNN + PCA(8),0.9250092353158478,0.9388762114591755,0.935405903845702,0.9370907819621108
PCA,KNN + PCA(10),KNN + PCA(10),0.9250092353158478,0.9388762114591755,0.935405903845702,0.9370907819621108
PCA,KNN + PCA(12),KNN + PCA(12),0.9250092353158478,0.9388762114591755,0.935405903845702,0.9370907819621108
PCA,KNN + PCA(14),KNN + PCA(14),0.9250092353158478,0.9388762114591755,0.935405903845702,0.9370907819621108
PCA,KNN + PCA(16),KNN + PCA(16),0.9250092353158478,0.9388762114591755,0.935405903845702,0.9370907819621108
PCA,Neural Network + PCA(2),Neural Network + PCA(2),0.8651643886220909,0.860399488072997,0.857539118449368,0.8584428483232279
PCA,Neural Network + PCA(4),Neural Network + PCA(4),0.8976727004063539,0.9027972061953384,0.8962050904816419,0.8986138825742732
PCA,Neural Network + PCA(6),Neural Network + PCA(6),0.9301810121906168,0.9413309420724764,0.9412668050577858,0.9412747329921862
PCA,Neural Network + PCA(8),Neural Network + PCA(8),0.9323974879940894,0.943687416438246,0.9425893871416778,0.9431172268737216
PCA,Neural Network + PCA(10),Neural Network + PCA(10),0.9298115995567048,0.941666225758958,0.9398060566923776,0.9407178909410246
PCA,Neural Network + PCA(12),Neural Network + PCA(12),0.9301810121906168,0.9420273874587832,0.9394345174043126,0.940707664118679
PCA,Neural Network + PCA(14),Neural Network + PCA(14),0.9327669006280016,0.9436016603458446,0.943223848738358,0.9433998791124624
PCA,Neural Network + PCA(16),Neural Network + PCA(16),0.9320280753601772,0.9437031594498836,0.9409324530090076,0.9422996281146552
LDA,KNN + LDA(2),KNN + LDA(2),0.8160325083117843,0.8341678673927001,0.8338721166968313,0.8336941399581074
LDA,KNN + LDA(3),KNN + LDA(3),0.9009974141115626,0.9147305203147992,0.910717298564856,0.9125181410933588
LDA,KNN + LDA(4),KNN + LDA(4),0.9113409678611007,0.9240849823669944,0.92031828938155,0.921979720508576
LDA,KNN + LDA(5),KNN + LDA(5),0.916882157369782,0.9307709685424698,0.9277130358652238,0.9292005908607088
LDA,KNN + LDA(6),KNN + LDA(6),0.921315108976727,0.9340621331076387,0.930931436875434,0.9324544609655164
LDA,Neural Network + LDA(2),Neural Network + LDA(2),0.736239379386775,0.8040049796345662,0.746584983018827,0.7436517913060757
LDA,Neural Network + LDA(3),Neural Network + LDA(3),0.8537125969708164,0.8874297526790624,0.8553592321749187,0.8674843044158568
LDA,Neural Network + LDA(4),Neural Network + LDA(4),0.8766161802733653,0.8921442125080815,0.8760724159547463,0.8828561821953832
LDA,Neural Network + LDA(5),Neural Network + LDA(5),0.8780938308090137,0.9097118463791504,0.8872101107553204,0.8960307329888096
LDA,Neural Network + LDA(6),Neural Network + LDA(6),0.8921315108976727,0.9200785140648502,0.8981332417630064,0.907313436764294
PCA + LDA,KNN + PCA(8) + LDA(2),KNN + PCA(8) + LDA(2),0.8444772811230145,0.8537940653085231,0.8481299580118126,0.8505912289698919
PCA + LDA,KNN + PCA(8) + LDA(3),KNN + PCA(8) + LDA(3),0.911710380495013,0.9248934289035105,0.9202468025231552,0.9223551975513598
PCA + LDA,KNN + PCA(8) + LDA(4),KNN + PCA(8) + LDA(4),0.9176209826376062,0.9308521009045752,0.9274513572472723,0.9290657924900436
PCA + LDA,KNN + PCA(8) + LDA(5),KNN + PCA(8) + LDA(5),0.921315108976727,0.9361059649043992,0.9324727104536068,0.9342119501475356
PCA + LDA,KNN + PCA(8) + LDA(6),KNN + PCA(8) + LDA(6),0.9294421869227928,0.9414948575733056,0.9384229863347224,0.939891579886
PCA + LDA,Neural Network + PCA(8) + LDA(2),Neural Network + PCA(8) + LDA(2),0.8540820096047285,0.8693289016373507,0.8581506977816294,0.8626217099113137
PCA + LDA,Neural Network + PCA(8) + LDA(3),Neural Network + PCA(8) + LDA(3),0.920945696342815,0.9324696844054948,0.9296277501287123,0.9308390235569478
PCA + LDA,Neural Network + PCA(8) + LDA(4),Neural Network + PCA(8) + LDA(4),0.921315108976727,0.9326753468360732,0.9312301633941696,0.9318523363361764
PCA + LDA,Neural Network + PCA(8) + LDA(5),Neural Network + PCA(8) + LDA(5),0.925748060583672,0.937186918479288,0.9360376094315184,0.9365807381940404
PCA + LDA,Neural Network + PCA(8) + LDA(6),Neural Network + PCA(8) + LDA(6),0.9312892500923532,0.9432545313851745,0.94138879237434,0.9422862265309476
