model,k,weights,Accuracy,Precision,Recall,F1
KNN,3,distance,0.9195561719833565,0.9342342055048375,0.9322519640939154,0.9331809290498045
KNN,3,uniform,0.919093851132686,0.9341572929914872,0.9322101338801589,0.9331049863059627
KNN,5,uniform,0.9200184928340268,0.9328175916357697,0.9311646933800236,0.9318738130370577
KNN,5,distance,0.9195561719833565,0.9324083017043671,0.9308253652497217,0.931507273739599
KNN,15,distance,0.9186315302820157,0.9310501063713633,0.9286329075337738,0.9294613617455317
KNN,7,distance,0.917706888580675,0.9308989892132671,0.9284619630085954,0.9293931080682415
KNN,15,uniform,0.9186315302820157,0.931080555168253,0.9282078120962659,0.9292257236850768
KNN,7,uniform,0.9167822468793343,0.9301883441377218,0.9280596467200671,0.9288164129262185
KNN,11,distance,0.9167822468793343,0.9297225793060081,0.9273891177037924,0.9282571587822018
KNN,9,distance,0.9153952843273232,0.9285117087954242,0.9267630898415625,0.9273540498197693
KNN,9,uniform,0.9140083217753121,0.9277034115937319,0.9256908085973549,0.9263998383444648
KNN,11,uniform,0.9140083217753121,0.927303002754441,0.9251759664967784,0.925913538242229
KNN,1,uniform,0.9033749422098937,0.9191461644516087,0.9194216719394813,0.919263632019047
KNN,1,distance,0.9033749422098937,0.9191461644516087,0.9194216719394813,0.919263632019047
