,Accuracy,Precision,Recall,F1
KNN + LDA(2),0.8160325083117843,0.8341678673927001,0.8338721166968313,0.8336941399581074
KNN + LDA(3),0.9009974141115626,0.9147305203147991,0.9107172985648561,0.9125181410933587
KNN + LDA(4),0.9113409678611009,0.9240849823669944,0.9203182893815501,0.921979720508576
KNN + LDA(5),0.9168821573697821,0.9307709685424698,0.9277130358652238,0.9292005908607089
KNN + LDA(6),0.921315108976727,0.9340621331076387,0.9309314368754341,0.9324544609655164
Neural Network + LDA(2),0.736239379386775,0.8040049796345662,0.746584983018827,0.7436517913060757
Neural Network + LDA(3),0.8537125969708164,0.8874297526790624,0.8553592321749187,0.8674843044158568
Neural Network + LDA(4),0.8766161802733653,0.8921442125080815,0.8760724159547463,0.8828561821953832
Neural Network + LDA(5),0.8780938308090137,0.9097118463791505,0.8872101107553204,0.8960307329888096
Neural Network + LDA(6),0.8921315108976727,0.9200785140648502,0.8981332417630064,0.9073134367642941
