model,activation,learning_rate,batch_size,dropout_rate,Accuracy,Precision,Recall,F1
Neural Network,relu,0.01,64,0.2,0.9241793804900601,0.9361723869500642,0.933921147883482,0.9348663247931137
Neural Network,relu,0.01,64,0.0,0.9241793804900601,0.9341200688084653,0.9335953616573155,0.9337434903279779
Neural Network,relu,0.01,32,0.2,0.922792417938049,0.9344739057205136,0.9317932652941721,0.9328822399215932
Neural Network,relu,0.01,32,0.0,0.9200184928340268,0.9314998694594926,0.9297596023069381,0.9302988295332455
Neural Network,relu,0.001,32,0.0,0.9149329634766528,0.9269882713671432,0.9247704680639666,0.9256080548601219
Neural Network,relu,0.001,64,0.0,0.9121590383726306,0.9249415280191686,0.920433955808385,0.9223895726383416
Neural Network,relu,0.001,32,0.2,0.9098474341192788,0.9225965522906602,0.9191175499008105,0.920484306047044
Neural Network,sigmoid,0.01,32,0.0,0.9033749422098937,0.9166193007719421,0.9124710012025352,0.9143627911176678
Neural Network,relu,0.001,64,0.2,0.8996763754045307,0.9164936982143919,0.9089387583288062,0.9111032000511691
Neural Network,sigmoid,0.01,32,0.2,0.8737864077669902,0.8835622336638068,0.8243839375162659,0.8378551494908797
Neural Network,sigmoid,0.01,64,0.0,0.8543689320388349,0.7207398628902852,0.756278781971979,0.7370352147673241
Neural Network,sigmoid,0.01,64,0.2,0.8363384188626907,0.7050920608724712,0.7360520308499913,0.7174672709320394
Neural Network,sigmoid,0.001,32,0.0,0.5802126675913084,0.4700232717004302,0.46010811610856855,0.4145004668490362
Neural Network,sigmoid,0.001,32,0.2,0.5016181229773463,0.37265777498697045,0.3805447862681207,0.3105634244254847
Neural Network,sigmoid,0.001,64,0.0,0.37817845584835874,0.15841283559710995,0.26312984103957976,0.18631746653705075
Neural Network,sigmoid,0.001,64,0.2,0.31853906611188165,0.12987115039495836,0.20146597925695311,0.14463994999323643
